"first_name","last_name","module_name","subject","sort_order","questionId","difficulty","question_type","student_answer","time_spent_seconds","is_correct_answer"
Cameron,Cole,"1000D - Verbal Medium",Verbal,1.0,aa7ae735,E,mcq,A,26.58,Y
Cameron,Cole,"1000D - Verbal Medium",Verbal,2.0,"3d658a5a",H,mcq,D,51.249,N
Cameron,Cole,"1000D - Verbal Medium",Verbal,3.0,"2df730d0",M,mcq,D,72.612,Y
Cameron,Cole,"1000D - Verbal Medium",Verbal,4.0,"2ef8e367",M,mcq,A,40.817,Y
Cameron,Cole,"1000D - Verbal Medium",Verbal,5.0,af9e3240,H,mcq,B,39.38,N
Cameron,Cole,"1000D - Verbal Medium",Verbal,6.0,"01c1d9ee",H,mcq,D,127.615,N
Cameron,Cole,"1000D - Verbal Medium",Verbal,7.0,"14189fbb",H,mcq,A,56.629,N
Cameron,Cole,"1000D - Verbal Medium",Verbal,8.0,dc3ea63e,M,mcq,B,76.562,Y
Cameron,Cole,"1000D - Verbal Medium",Verbal,9.0,a2be625e,M,mcq,D,69.799,Y
Cameron,Cole,"1000D - Verbal Medium",Verbal,10.0,f6352bd3,M,mcq,A,70.611,Y
Cameron,Cole,"1000D - Verbal Medium",Verbal,11.0,a70cbc53,H,mcq,D,98.063,N
Cameron,Cole,"1000D - Verbal Medium",Verbal,12.0,"03080769",M,mcq,D,149.804,Y
Cameron,Cole,"1000D - Verbal Medium",Verbal,13.0,"3882ddf6",M,mcq,D,98.285,N
Cameron,Cole,"1000D - Verbal Medium",Verbal,14.0,a13c1c66,H,mcq,D,63.252,N
Cameron,Cole,"1000D - Verbal Medium",Verbal,15.0,ba8ebf49,H,mcq,C,27.966,N
Cameron,Cole,"1000D - Verbal Medium",Verbal,16.0,"594b4a94",H,mcq,B,25.633,Y
Cameron,Cole,"1000D - Verbal Medium",Verbal,17.0,fdb16e20,H,mcq,B,24.353,Y
Cameron,Cole,"1000D - Verbal Medium",Verbal,18.0,fff4c7f4,E,mcq,A,27.183,Y
Cameron,Cole,"1000D - Verbal Medium",Verbal,19.0,"0bcb4417",M,mcq,B,20.084,N
Cameron,Cole,"1000D - Verbal Medium",Verbal,20.0,c8607bdf,M,mcq,C,34.967,N
Cameron,Cole,"1000D - Verbal Medium",Verbal,21.0,"63c73b50",E,mcq,A,26.887,Y
Cameron,Cole,"1000D - Verbal Medium",Verbal,22.0,"388b45aa",M,mcq,A,13.214,Y
Cameron,Cole,"1000D - Verbal Medium",Verbal,23.0,"39d1a519",M,mcq,D,89.72,Y
Cameron,Cole,"1000D - Verbal Medium",Verbal,24.0,ce282575,M,mcq,A,34.366,Y
Cameron,Cole,"1000D - Verbal Medium",Verbal,25.0,"34e1124f",M,mcq,B,42.554,Y
Cameron,Cole,"1000D - Verbal Medium",Verbal,26.0,fbffb352,E,mcq,B,37.233,N
Cameron,Cole,"1000D - Verbal Medium",Verbal,27.0,"164a32e7",M,mcq,C,6.567,N
Cameron,Cole,"1000D - Verbal Lower",Verbal,1.0,"47955354",E,mcq,B,20.342,Y
Cameron,Cole,"1000D - Verbal Lower",Verbal,2.0,faa5696c,E,mcq,D,18.618,Y
Cameron,Cole,"1000D - Verbal Lower",Verbal,3.0,fa7a89f1,E,mcq,B,19.651,Y
Cameron,Cole,"1000D - Verbal Lower",Verbal,4.0,"428cd2c1",E,mcq,D,35.951,Y
Cameron,Cole,"1000D - Verbal Lower",Verbal,5.0,"5dce6cab",H,mcq,B,32.267,Y
Cameron,Cole,"1000D - Verbal Upper",Verbal,2.0,"5dce6cab",H,mcq,B,32.267,Y
Cameron,Cole,"1000D - Verbal Lower",Verbal,6.0,e4f312c5,H,mcq,A,10.111,N
Cameron,Cole,"1000D - Verbal Upper",Verbal,1.0,e4f312c5,H,mcq,A,10.111,N
Cameron,Cole,"1000D - Verbal Lower",Verbal,7.0,"5d6ab069",M,mcq,C,52.864,N
Cameron,Cole,"1000D - Verbal Lower",Verbal,8.0,"47f2cddd",E,mcq,C,48.346,Y
Cameron,Cole,"1000D - Verbal Lower",Verbal,9.0,a15b3219,H,mcq,B,79.175,Y
Cameron,Cole,"1000D - Verbal Upper",Verbal,7.0,a15b3219,H,mcq,B,79.175,Y
Cameron,Cole,"1000D - Verbal Lower",Verbal,10.0,"22e4d633",M,mcq,C,85.967,N
Cameron,Cole,"1000D - Verbal Lower",Verbal,11.0,ed314256,H,mcq,A,24.897,N
Cameron,Cole,"1000D - Verbal Upper",Verbal,9.0,ed314256,H,mcq,A,24.897,N
Cameron,Cole,"1000D - Verbal Lower",Verbal,12.0,e4e2aeb3,H,mcq,A,82.167,Y
Cameron,Cole,"1000D - Verbal Upper",Verbal,13.0,e4e2aeb3,H,mcq,A,82.167,Y
Cameron,Cole,"1000D - Verbal Lower",Verbal,13.0,fcc328c6,E,mcq,B,19.028,Y
Cameron,Cole,"1000D - Verbal Lower",Verbal,14.0,b13378c8,M,mcq,B,49.006,N
Cameron,Cole,"1000D - Verbal Lower",Verbal,15.0,"575e67df",M,mcq,B,80.037,Y
Cameron,Cole,"1000D - Verbal Lower",Verbal,16.0,f1bfbed3,H,mcq,A,55.683,N
Cameron,Cole,"1000D - Verbal Upper",Verbal,15.0,f1bfbed3,H,mcq,A,55.683,N
Cameron,Cole,"1000D - Verbal Lower",Verbal,17.0,"6e0e0de1",H,mcq,C,112.353,N
Cameron,Cole,"1000D - Verbal Upper",Verbal,14.0,"6e0e0de1",H,mcq,C,112.353,N
Cameron,Cole,"1000D - Verbal Lower",Verbal,18.0,a40c7aa3,M,mcq,B,21.784,Y
Cameron,Cole,"1000D - Verbal Upper",Verbal,21.0,a40c7aa3,M,mcq,B,21.784,Y
Cameron,Cole,"1000D - Verbal Lower",Verbal,19.0,"0ee64efc",E,mcq,B,24.334,Y
Cameron,Cole,"1000D - Verbal Lower",Verbal,20.0,b7c404d1,M,mcq,B,44.081,N
Cameron,Cole,"1000D - Verbal Upper",Verbal,22.0,b7c404d1,M,mcq,B,44.081,N
Cameron,Cole,"1000D - Verbal Lower",Verbal,21.0,"6f08641e",M,mcq,D,44.586,Y
Cameron,Cole,"1000D - Verbal Lower",Verbal,22.0,"59094d87",H,mcq,B,22.284,N
Cameron,Cole,"1000D - Verbal Upper",Verbal,16.0,"59094d87",H,mcq,B,22.284,N
Cameron,Cole,"1000D - Verbal Lower",Verbal,23.0,f40ca576,E,mcq,A,24.985,N
Cameron,Cole,"1000D - Verbal Lower",Verbal,24.0,e15c50b2,E,mcq,A,33.554,N
Cameron,Cole,"1000D - Verbal Lower",Verbal,25.0,"31362d2d",E,mcq,A,12.962,N
Cameron,Cole,"1000D - Verbal Lower",Verbal,26.0,b74f676f,M,mcq,B,74.939,Y
Cameron,Cole,"1000D - Verbal Lower",Verbal,27.0,bc56170b,M,mcq,D,48.633,N
Cameron,Cole,"1000D - Math Medium",Math,1.0,"7a987ae4",E,mcq,B,58.338,Y
Cameron,Cole,"1000D - Math Medium",Math,2.0,a2e76b60,M,mcq,D,46.25,N
Cameron,Cole,"1000D - Math Medium",Math,3.0,"70ebd3d0",M,mcq,A,51.719,N
Cameron,Cole,"1000D - Math Medium",Math,4.0,"1178f2df",H,spr,-8,77.616,N
Cameron,Cole,"1000D - Math Medium",Math,5.0,"16de54c7",M,spr,"3",40.634,N
Cameron,Cole,"1000D - Math Medium",Math,6.0,"74d8b897",M,spr,"180",18.402,N
Cameron,Cole,"1000D - Math Medium",Math,7.0,"37930b2a",M,mcq,A,67.223,Y
Cameron,Cole,"1000D - Math Medium",Math,8.0,"9ba3e283",H,mcq,C,112.862,Y
Cameron,Cole,"1000D - Math Medium",Math,9.0,c4ea43ef,H,mcq,D,78.518,N
Cameron,Cole,"1000D - Math Medium",Math,10.0,"868fc236",M,mcq,C,138.717,N
Cameron,Cole,"1000D - Math Medium",Math,11.0,"74c98c82",M,spr,"16",179.572,Y
Cameron,Cole,"1000D - Math Medium",Math,12.0,"901e3285",M,mcq,A,27.071,N
Cameron,Cole,"1000D - Math Medium",Math,13.0,"2683b5db",M,mcq,C,8.246,N
Cameron,Cole,"1000D - Math Medium",Math,14.0,"98958ae8",H,spr,"25",59.784,N
Cameron,Cole,"1000D - Math Medium",Math,15.0,"94c65646",M,spr,"445",12.75,N
Cameron,Cole,"1000D - Math Medium",Math,16.0,"912cd125",M,mcq,A,144.445,N
Cameron,Cole,"1000D - Math Medium",Math,17.0,eb672707,M,spr,"4 2/3",46.009,N
Cameron,Cole,"1000D - Math Medium",Math,18.0,"13d9a1c3",M,spr,"18",23.452,N
Cameron,Cole,"1000D - Math Medium",Math,19.0,"0980fcdd",M,mcq,B,18.305,N
Cameron,Cole,"1000D - Math Medium",Math,20.0,ab7740a8,M,mcq,D,34.747,Y
Cameron,Cole,"1000D - Math Medium",Math,21.0,e1391dd6,M,mcq,B,30.701,Y
Cameron,Cole,"1000D - Math Medium",Math,22.0,cb8f449f,M,mcq,C,17.292,N
Cameron,Cole,"1000D - Math Lower",Math,1.0,"37dde49f",M,mcq,C,44.723,N
Cameron,Cole,"1000D - Math Lower",Math,2.0,fb58c0db,H,spr,.14,50.768,N
Cameron,Cole,"1000D - Math Upper",Math,1.0,fb58c0db,H,spr,.14,50.768,N
Cameron,Cole,"1000D - Math Lower",Math,3.0,df0ef054,E,mcq,B,37.456,N
Cameron,Cole,"1000D - Math Lower",Math,4.0,"9ff10b3b",E,mcq,B,38.864,N
Cameron,Cole,"1000D - Math Lower",Math,5.0,"2e1a7f66",M,mcq,B,37.034,N
Cameron,Cole,"1000D - Math Lower",Math,6.0,"255996a6",E,mcq,C,68.133,N
Cameron,Cole,"1000D - Math Lower",Math,7.0,c4d49134,E,mcq,D,50.635,Y
Cameron,Cole,"1000D - Math Lower",Math,8.0,"59a49431",E,mcq,D,34.051,Y
Cameron,Cole,"1000D - Math Lower",Math,9.0,bd7f6e30,H,mcq,B,7.502,N
Cameron,Cole,"1000D - Math Upper",Math,2.0,bd7f6e30,H,mcq,B,7.502,N
Cameron,Cole,"1000D - Math Lower",Math,10.0,"1697ffcf",H,spr,"6",31.949,N
Cameron,Cole,"1000D - Math Upper",Math,3.0,"1697ffcf",H,spr,"6",31.949,N
Cameron,Cole,"1000D - Math Lower",Math,11.0,d46da42c,E,mcq,D,23.749,Y
Cameron,Cole,"1000D - Math Lower",Math,12.0,ebe4bde0,E,mcq,C,39.85,Y
Cameron,Cole,"1000D - Math Lower",Math,13.0,"5bf0f84a",M,mcq,C,28.121,N
Cameron,Cole,"1000D - Math Lower",Math,14.0,bf47ad54,H,mcq,C,40.464,N
Cameron,Cole,"1000D - Math Upper",Math,4.0,bf47ad54,H,mcq,C,40.464,N
Cameron,Cole,"1000D - Math Lower",Math,15.0,"9c44f828",E,mcq,C,12.183,Y
Cameron,Cole,"1000D - Math Lower",Math,16.0,"2a08d878",E,mcq,B,26.811,Y
Cameron,Cole,"1000D - Math Lower",Math,17.0,"3ac09984",E,mcq,B,41.59,N
Cameron,Cole,"1000D - Math Lower",Math,18.0,dba6a25a,H,spr,"22",27.834,N
Cameron,Cole,"1000D - Math Upper",Math,5.0,dba6a25a,H,spr,"22",27.834,N
Cameron,Cole,"1000D - Math Lower",Math,19.0,e53688cb,M,spr,"18",35.368,Y
Cameron,Cole,"1000D - Math Upper",Math,18.0,e53688cb,M,spr,"18",35.368,Y
Cameron,Cole,"1000D - Math Lower",Math,20.0,"9296553d",E,mcq,B,9.984,N
Cameron,Cole,"1000D - Math Lower",Math,21.0,a391ed22,M,spr,"6",6.899,N
Cameron,Cole,"1000D - Math Upper",Math,20.0,a391ed22,M,spr,"6",6.899,N
Cameron,Cole,"1000D - Math Lower",Math,22.0,c01f4a95,M,spr,"16",23.585,N
Cameron,Cole,"1000D - Math Upper",Math,9.0,c01f4a95,M,spr,"16",23.585,N
